<?xml version="1.0" encoding="utf-8"?>

<page>
    <index id="0" type="audio" head="CHECK YOUR UNDERSTANDING" headColor="#006699" fontDesc="18px calibribold" pageDis=".33,.67">
        <audioArray array="null" idArray="null"></audioArray>
        <screenText color="" fontDesc="" posX="15" posY="45" size="400" pageRef="src/assets/page37/" audioId="null" imageSrc="null" type="MCSS"><![CDATA[<font face="calibribold" color="#000000">Select the appropriate options.<br></font><font face="calibriregular" color="#000000">Q13. You invest $500 for one year at 20% annual interest compounded continuously. Which of the following equations is the appropriate and simplest to use to find the amount, P<sup>t</sup>, at the end of one year? <br></font>]]></screenText>
        <options answer="0,0,1,0,0">
            <option><![CDATA[<font face="calibribold" size='3.1'>P<sub>t</sub> = e</font>]]></option>
            <option><![CDATA[<font face="calibribold" size='3.1'>P<sub>t</sub> = e<sup>r</sup></font>]]></option>
            <option><![CDATA[<font face="calibribold" size='3.1'>P<sub>t</sub> = P<sub>0</sub>e<sup>r</sup></font>]]></option>
            <option><![CDATA[<font face="calibribold" size='3.1'>P<sub>t</sub> = P<sub>0</sub>e<sup>rt</sup></font>]]></option>
            <option><![CDATA[<font face="calibribold" size='3.1'>I don’t know</font>]]></option>
        </options>
        <FeedbackIncorrect><![CDATA[<font face="calibribold" color="#FF0000">Not Quite!<br></font>
        <font face="calibriregular" color="#006699"><p>The Correct Answer is: Option C</p><p><font face="calibriregular"><font face="calibriregular">Read the explanation below to clear your understanding.<br>
Option C is correct, because both the P<sub>0</sub> and the r values are given. Option A is wrong because P<sub>0</sub> and r are not there in the equation. Option B is wrong B because P<sub>0</sub> is not there in the equation. Option D can be used but it is not the simplest form, so it is not the best option.</p></font>]]></FeedbackIncorrect>
        <FeedbackCorrect><![CDATA[<font face="calibribold" color="#006600">That's Correct<br></font><font face="calibriregular" color="#006699"><p>The Answer is: Option C</p><p><font face="calibriregular">Read the explanation below to validate your answer.<br>
Option C is correct, because both the P<sub>0</sub> and the r values are given. Option A is wrong because P<sub>0</sub> and r are not there in the equation. Option B is wrong B because P<sub>0</sub> is not there in the equation. Option D can be used but it is not the simplest form, so it is not the best option.</p></font>]]></FeedbackCorrect>
    </index>
</page>