<?xml version="1.0" encoding="utf-8"?>

<page name="Introduction,Introduction Contd.,BASIC STRUCTURE OF LINE,SLOPE OF A LINE,y-INTERCEPT OF A LINE,APPLICATION OF LINEAR FUNCTION,APPLICATION OF LINEAR FUNCTION,APPLICATION OF LINEAR FUNCTION,APPLICATION OF LINEAR FUNCTION,CHECK YOUR UNDERSTANDING,CHECK YOUR UNDERSTANDING,CHECK YOUR UNDERSTANDING,CHECK YOUR UNDERSTANDING,CHECK YOUR UNDERSTANDING,CHECK YOUR UNDERSTANDING,CHECK YOUR UNDERSTANDING,CHECK YOUR UNDERSTANDING,INTRODUCTION – EXPONENTIAL EQUATION,EXPONENTIAL EQUATION – General Form,A PRACTICAL EXAMPLE...,A PRACTICAL EXAMPLE...,EXTENSION OF THE EQUATION y = 2&lt;sup&gt;x&lt;/sup&gt;,CHANGING THE BASE,CHANGING THE BASE – Example,DOUBLING A SPECIAL CASE...,ADVANTAGES OF ALTERNATIVE BASES,ORIGIN OF e,EVOLUTION THE EXPONENTIAL EQUATION,GENERALISATION OF EXPONENTIAL EQUATION,EXTENSION OF THE EQUATION y = 2&lt;sup&gt;x&lt;/sup&gt;,EXPONENTIAL DECAY,EXPRESSING x AS UNIT OF DOUBLING TIME,CHECK YOUR UNDERSTANDING,CHECK YOUR UNDERSTANDING,CHECK YOUR UNDERSTANDING,CHECK YOUR UNDERSTANDING,CHECK YOUR UNDERSTANDING,CHECK YOUR UNDERSTANDING,SUMMARY,end">
    <courseHead><![CDATA[<font face="calibriregular" size="5" color="#980101"><b>NTU SBS</b> </font><font face="calibriregular" size="5" color="#000000">welcomes you for participating to our online session on <b>Equation of Life</b><br> In  this session you will learn about</font><font face="calibriregular" size="5" color="#006699"><b> Linear Exponential</b></font>]]></courseHead>
</page>